"class","Ce","LCOMCK","LCOMHS","LCOMPFI","LCOMTC","NOF","WMC","line.coverage","instructions.coverage","branche.coverage","complexity.coverage","method.coverage","mutants.score"
"org:apache:commons:math:ConvergingAlgorithmImpl",4,35,90,96,162,7,11,1.0,1.0,1.0,1.0,1.0,1.0
"org:apache:commons:math:analysis:integration:LegendreGaussIntegrator",8,0,25,33,0,2,13,0.94,0.9325153374233128,0.8,0.7142857142857143,0.8,0.51
"org:apache:commons:math:analysis:integration:RombergIntegrator",8,0,0,0,0,0,10,0.8888888888888888,0.9005524861878453,0.8333333333333334,0.6363636363636364,0.6,0.45
"org:apache:commons:math:analysis:integration:SimpsonIntegrator",8,0,0,0,0,0,10,0.7741935483870968,0.7261146496815286,0.75,0.5454545454545454,0.6,0.52
"org:apache:commons:math:analysis:integration:TrapezoidIntegrator",8,0,0,0,0,1,12,0.8857142857142857,0.9037433155080213,0.8571428571428571,0.6923076923076923,0.6666666666666666,0.38
"org:apache:commons:math:analysis:integration:UnivariateRealIntegratorImpl",9,3,79,81,131,5,14,0.5945945945945946,0.6397058823529411,0.5,0.5333333333333333,0.6,1.0
"org:apache:commons:math:analysis:interpolation:SmoothingBicubicSplineInterpolator",12,0,0,0,0,0,22,0.9818181818181818,0.9865591397849462,0.9285714285714286,0.88,1.0,0.66
"org:apache:commons:math:analysis:solvers:BisectionSolver",6,0,0,0,0,0,9,0.8695652173913043,0.8021978021978022,0.8333333333333334,0.6666666666666666,0.6666666666666666,0.8
"org:apache:commons:math:complex:Complex",12,0,56,79,89,4,73,0.9798657718120806,0.9817142857142858,0.9396551724137931,0.9139784946236559,0.9714285714285714,0.88
"org:apache:commons:math:distribution:AbstractContinuousDistribution",11,0,0,0,0,1,8,0.6190476190476191,0.6486486486486487,0.5,0.5,0.5,1.0
"org:apache:commons:math:distribution:AbstractDistribution",6,0,0,0,0,0,3,1.0,1.0,1.0,1.0,1.0,1.0
"org:apache:commons:math:distribution:AbstractIntegerDistribution",9,0,0,0,0,0,19,0.7906976744186046,0.740909090909091,0.7916666666666666,0.7368421052631579,0.8571428571428571,1.0
"org:apache:commons:math:distribution:BetaDistributionImpl",6,0,66,78,101,4,26,0.673469387755102,0.67,0.6363636363636364,0.5925925925925926,0.6875,0.71
"org:apache:commons:math:distribution:CauchyDistributionImpl",5,0,60,85,69,3,24,0.6530612244897959,0.7177033492822966,0.5555555555555556,0.64,0.6875,0.74
"org:apache:commons:math:distribution:ChiSquaredDistributionImpl",9,0,50,88,47,2,20,0.8205128205128205,0.835820895522388,1.0,0.9,0.875,0.63
"org:apache:commons:math:distribution:ExponentialDistributionImpl",7,0,57,100,81,2,20,0.7714285714285715,0.8266666666666667,0.75,0.7142857142857143,0.6923076923076923,0.72
"org:apache:commons:math:distribution:FDistributionImpl",7,3,67,87,88,3,21,1.0,1.0,1.0,1.0,1.0,0.88
"org:apache:commons:math:distribution:GammaDistributionImpl",7,0,57,78,97,3,24,1.0,1.0,1.0,1.0,1.0,0.81
"org:apache:commons:math:distribution:NormalDistributionImpl",8,0,63,88,72,3,27,0.8703703703703703,0.8578199052132701,0.7222222222222222,0.8888888888888888,1.0,1.0
"org:apache:commons:math:distribution:TDistributionImpl",6,2,63,100,97,2,17,0.96875,0.9787234042553191,0.9,0.9411764705882353,1.0,0.93
"org:apache:commons:math:distribution:WeibullDistributionImpl",5,0,57,78,97,3,22,0.8604651162790697,0.8844221105527639,0.875,0.7391304347826086,0.7333333333333333,0.8
"org:apache:commons:math:genetics:AbstractListChromosome",9,0,0,0,0,1,6,0.9166666666666666,0.7241379310344828,1.0,0.8,0.8,1.0
"org:apache:commons:math:genetics:BinaryChromosome",8,0,0,0,0,0,12,0.9523809523809523,0.978021978021978,0.9375,0.9230769230769231,1.0,1.0
"org:apache:commons:math:genetics:BinaryMutation",10,0,0,0,0,0,3,0.8888888888888888,0.8913043478260869,0.75,0.75,1.0,0.75
"org:apache:commons:math:genetics:Chromosome",8,0,0,0,0,1,9,0.9333333333333333,0.9655172413793104,0.875,0.8,0.8333333333333334,1.0
"org:apache:commons:math:genetics:ElitisticListPopulation",7,0,0,0,0,1,7,0.7894736842105263,0.7901234567901234,0.3333333333333333,0.625,0.8,0.51
"org:apache:commons:math:genetics:FixedGenerationCount",6,0,0,0,0,2,5,0.8181818181818182,0.7647058823529411,0.75,0.6,0.6666666666666666,0.8
"org:apache:commons:math:genetics:GeneticAlgorithm",12,19,97,100,130,6,18,0.9024390243902439,0.9197530864197531,0.6666666666666666,0.6666666666666666,0.9166666666666666,0.42
"org:apache:commons:math:genetics:InvalidRepresentationException",4,0,0,0,0,0,4,0.25,0.25,1.0,0.25,0.25,0.0
"org:apache:commons:math:genetics:ListPopulation",9,0,0,0,0,2,16,0.7333333333333333,0.7352941176470589,0.7,0.625,0.7272727272727273,1.0
"org:apache:commons:math:genetics:OnePointCrossover",12,0,0,0,0,0,6,0.8947368421052632,0.9065420560747663,0.7,0.625,1.0,0.69
"org:apache:commons:math:genetics:RandomKey",28,0,50,67,25,2,27,0.9375,0.8328445747800587,0.90625,0.8571428571428571,0.9166666666666666,1.0
"org:apache:commons:math:genetics:RandomKeyMutation",9,0,0,0,0,0,2,0.8888888888888888,0.7021276595744681,0.5,0.6666666666666666,1.0,0.33
"org:apache:commons:math:genetics:TournamentSelection",11,0,0,0,0,1,7,0.75,0.8378378378378378,0.75,0.5714285714285714,0.6,0.56
"org:apache:commons:math:linear:AbstractRealVector",18,0,0,0,0,0,168,0.49122807017543857,0.5040783034257749,0.46078431372549017,0.6232876712328768,0.7684210526315789,1.0
"org:apache:commons:math:linear:ArrayFieldVector",18,0,34,66,6,2,120,0.8283582089552238,0.8703208556149733,0.9210526315789473,0.9142857142857143,0.9552238805970149,0.63
"org:apache:commons:math:linear:ArrayRealVector",20,0,0,0,0,1,196,0.9681372549019608,0.9794801641586868,0.9835164835164835,0.9846153846153847,1.0,0.81
"org:apache:commons:math:linear:EigenDecompositionImpl",15,25,88,88,302,10,84,0.9177215189873418,0.9234042553191489,0.875,0.7966101694915254,0.8,0.78
"org:apache:commons:math:linear:OpenMapRealVector",19,0,53,74,45,3,141,0.8444444444444444,0.8267558528428094,0.756578947368421,0.708029197080292,0.8688524590163934,0.52
"org:apache:commons:math:linear:SingularValueDecompositionImpl",15,4,85,75,322,9,38,0.958904109589041,0.9497991967871486,0.9210526315789473,0.8709677419354839,0.9166666666666666,0.8
"org:apache:commons:math:ode:AbstractIntegrator",18,61,89,92,196,8,32,0.9423076923076923,0.97265625,1.0,0.9285714285714286,0.9,1.0
"org:apache:commons:math:ode:events:CombinedEventsManager",17,0,60,65,87,3,31,0.8947368421052632,0.8870967741935484,0.8529411764705882,0.8571428571428571,1.0,0.97
"org:apache:commons:math:ode:events:EventState",14,9,78,61,754,13,28,0.875,0.9195402298850575,0.7833333333333333,0.7804878048780488,1.0,0.79
"org:apache:commons:math:ode:nonstiff:AdamsBashforthIntegrator",12,0,0,0,0,0,17,0.9285714285714286,0.9047619047619048,0.8888888888888888,0.8095238095238095,1.0,0.66
"org:apache:commons:math:ode:nonstiff:AdamsMoultonIntegrator",13,0,0,0,0,0,23,0.9270833333333334,0.9245689655172413,0.9117647058823529,0.85,1.0,0.61
"org:apache:commons:math:ode:nonstiff:DormandPrince853StepInterpolator",11,0,38,38,109,3,31,0.9823008849557522,0.9916259595254711,0.9047619047619048,0.8709677419354839,1.0,0.95
"org:apache:commons:math:ode:nonstiff:EmbeddedRungeKuttaIntegrator",13,3,89,42,475,9,32,1.0,1.0,0.9827586206896551,0.9736842105263158,1.0,1.0
"org:apache:commons:math:ode:nonstiff:GraggBulirschStoerIntegrator",13,0,92,60,1008,19,117,0.9793510324483776,0.9863013698630136,0.8900709219858156,0.8,1.0,0.79
"org:apache:commons:math:ode:nonstiff:GraggBulirschStoerStepInterpolator",10,0,55,57,351,7,38,0.9338235294117647,0.9345172031076582,0.7413793103448276,0.6410256410256411,1.0,0.92
"org:apache:commons:math:ode:nonstiff:RungeKuttaIntegrator",13,0,0,0,0,5,19,1.0,1.0,0.95,0.9090909090909091,1.0,1.0
"org:apache:commons:math:ode:sampling:AbstractStepInterpolator",10,0,58,50,581,10,32,0.9827586206896551,0.9619952494061758,0.7307692307692307,0.7741935483870968,1.0,1.0
"org:apache:commons:math:optimization:MultiStartDifferentiableMultivariateRealOptimizer",14,18,89,61,356,9,18,0.8478260869565217,0.8232323232323232,0.75,0.8125,0.9166666666666666,0.78
"org:apache:commons:math:optimization:MultiStartDifferentiableMultivariateVectorialOptimizer",15,18,89,61,356,9,18,0.9130434782608695,0.935,1.0,0.875,0.8333333333333334,0.74
"org:apache:commons:math:optimization:MultiStartMultivariateRealOptimizer",14,12,88,60,335,8,17,0.7619047619047619,0.7458563535911602,0.625,0.5333333333333333,0.5454545454545454,0.8
"org:apache:commons:math:optimization:MultiStartUnivariateRealOptimizer",12,18,89,65,267,9,34,0.7555555555555555,0.7733333333333333,0.8235294117647058,0.6756756756756757,0.7,0.62
"org:apache:commons:math:optimization:SimpleRealPointChecker",6,0,0,0,0,2,5,0.75,0.8656716417910447,1.0,0.8333333333333334,0.6666666666666666,0.36
"org:apache:commons:math:optimization:SimpleScalarValueChecker",6,0,0,0,0,2,3,1.0,1.0,1.0,1.0,1.0,0.92
"org:apache:commons:math:optimization:SimpleVectorialPointChecker",6,0,0,0,0,2,5,0.7222222222222222,0.835820895522388,0.6666666666666666,0.5,0.6666666666666666,0.35
"org:apache:commons:math:optimization:SimpleVectorialValueChecker",6,0,0,0,0,2,5,1.0,1.0,1.0,1.0,1.0,0.76
"org:apache:commons:math:optimization:direct:DirectSearchOptimizer",18,38,86,88,220,8,43,0.93,0.8514285714285714,0.86,0.7857142857142857,0.8823529411764706,1.0
"org:apache:commons:math:optimization:direct:MultiDirectional",10,0,0,0,0,2,12,1.0,1.0,1.0,1.0,1.0,0.66
"org:apache:commons:math:optimization:direct:NelderMead",7,0,0,0,0,4,18,0.9846153846153847,0.9973190348525469,0.96875,0.9473684210526315,1.0,0.87
"org:apache:commons:math:optimization:fitting:CurveFitter",13,0,50,83,0,2,12,0.8181818181818182,0.8969072164948454,1.0,0.75,0.7142857142857143,0.92
"org:apache:commons:math:optimization:fitting:PolynomialFitter",9,0,50,50,0,2,8,0.7777777777777778,0.8974358974358975,1.0,1.0,1.0,0.95
"org:apache:commons:math:optimization:general:AbstractLeastSquaresOptimizer",17,31,86,74,801,17,34,0.945054945054945,0.9216417910447762,0.9333333333333333,0.8484848484848485,0.8333333333333334,1.0
"org:apache:commons:math:optimization:general:AbstractScalarDifferentiableOptimizer",15,23,89,80,362,10,16,0.8484848484848485,0.7795275590551181,0.5,0.6875,0.7857142857142857,1.0
"org:apache:commons:math:optimization:general:GaussNewtonOptimizer",14,0,0,0,0,1,11,1.0,0.9736842105263158,0.9375,0.9,1.0,0.9
"org:apache:commons:math:optimization:general:LevenbergMarquardtOptimizer",8,0,65,56,686,12,97,0.9817073170731707,0.9738271604938271,0.9081632653061225,0.8611111111111112,1.0,0.88
"org:apache:commons:math:optimization:general:NonLinearConjugateGradientOptimizer",16,0,25,25,0,4,32,0.8918918918918919,0.9197860962566845,0.85,0.7692307692307693,0.8333333333333334,0.74
"org:apache:commons:math:optimization:linear:SimplexSolver",11,0,0,0,0,1,25,1.0,1.0,1.0,1.0,1.0,0.76
"org:apache:commons:math:optimization:linear:SimplexTableau",29,39,80,70,343,9,78,0.961038961038961,0.9535822401614531,0.9137931034482759,0.8539325842696629,0.9032258064516129,0.83
"org:apache:commons:math:optimization:univariate:AbstractUnivariateRealOptimizer",9,15,90,97,125,5,12,1.0,1.0,1.0,1.0,1.0,1.0
"org:apache:commons:math:optimization:univariate:BrentOptimizer",7,0,0,0,0,0,22,0.9324324324324325,0.8717948717948718,0.8125,0.7931034482758621,0.8,0.54
"org:apache:commons:math:random:AbstractRandomGenerator",8,0,0,0,0,1,21,0.8085106382978723,0.8,0.7727272727272727,0.7272727272727273,0.8181818181818182,1.0
"org:apache:commons:math:random:BitsStreamGenerator",9,0,0,0,0,1,15,1.0,1.0,1.0,1.0,1.0,1.0
"org:apache:commons:math:random:EmpiricalDistributionImpl",25,23,82,76,365,9,40,0.8064516129032258,0.86892177589852,0.85,0.8333333333333334,0.9285714285714286,0.78
"org:apache:commons:math:random:MersenneTwister",4,0,42,71,0,2,22,0.972972972972973,0.991701244813278,0.9642857142857143,0.9565217391304348,1.0,0.93
"org:apache:commons:math:random:RandomDataImpl",17,3,58,100,99,2,70,0.9514563106796117,0.9559808612440192,0.9361702127659575,0.9,0.9565217391304348,0.72
"org:apache:commons:math:random:ValueServer",13,35,81,89,195,7,40,0.9078947368421053,0.895774647887324,0.92,0.9230769230769231,0.9583333333333334,0.62
"org:apache:commons:math:special:Erf",3,0,0,0,0,0,3,0.6666666666666666,0.85,1.0,0.6666666666666666,0.5,0.91
"org:apache:commons:math:stat:Frequency",21,0,0,0,0,1,61,0.8818897637795275,0.8918367346938776,0.782608695652174,0.7894736842105263,0.8823529411764706,0.73
"org:apache:commons:math:stat:clustering:KMeansPlusPlusClusterer",28,0,0,0,0,1,17,1.0,0.9913419913419913,0.9166666666666666,0.8823529411764706,1.0,0.52
"org:apache:commons:math:stat:descriptive:AbstractUnivariateStatistic",5,0,0,0,0,0,16,0.9032258064516129,0.8511904761904762,0.8571428571428571,0.7777777777777778,1.0,1.0
"org:apache:commons:math:stat:descriptive:summary:Product",6,0,25,40,7,2,16,0.9166666666666666,0.9555555555555556,0.9,0.875,0.9090909090909091,0.87
"org:apache:commons:math:stat:descriptive:summary:Sum",5,0,25,40,7,2,16,0.8888888888888888,0.8962962962962963,0.9,0.8125,0.8181818181818182,0.8
"org:apache:commons:math:stat:descriptive:summary:SumOfLogs",5,0,13,20,0,2,12,0.896551724137931,0.9361702127659575,1.0,0.9166666666666666,0.8888888888888888,0.87
"org:apache:commons:math:stat:descriptive:summary:SumOfSquares",5,0,25,40,7,2,12,0.896551724137931,0.941747572815534,1.0,0.9166666666666666,0.8888888888888888,1.0
"org:apache:commons:math:stat:inference:ChiSquareTestImpl",10,0,0,0,0,1,50,0.968,0.9365269461077844,0.9024390243902439,0.8620689655172413,1.0,0.88
"org:apache:commons:math:stat:inference:TestUtils",15,0,0,0,0,0,41,0.66,0.7794117647058824,1.0,0.7142857142857143,0.7142857142857143,0.58
"org:apache:commons:math:stat:regression:AbstractMultipleLinearRegression",8,0,0,0,0,2,20,0.9523809523809523,0.9176029962546817,0.9230769230769231,0.88,0.9166666666666666,1.0
"org:apache:commons:math:stat:regression:GLSMultipleLinearRegression",6,0,0,0,0,2,7,0.875,0.8189655172413793,0.5,0.75,0.8571428571428571,0.25
"org:apache:commons:math:stat:regression:OLSMultipleLinearRegression",9,0,0,0,0,1,10,1.0,1.0,1.0,1.0,1.0,0.93
"org:apache:commons:math:util:MathUtils",15,0,0,0,0,0,232,0.9954648526077098,0.9964028776978417,0.9748110831234257,0.9588014981273408,0.9846153846153847,0.92
"org:apache:commons:math:ArgumentOutsideDomainException",3,0,0,0,0,0,1,1.0,1.0,1.0,1.0,1.0,0.0
"org:apache:commons:math:ConvergenceException",5,0,0,0,0,0,4,1.0,1.0,1.0,1.0,1.0,1.0
"org:apache:commons:math:DimensionMismatchException",3,1,100,100,100,2,3,1.0,1.0,1.0,1.0,1.0,0.86
"org:apache:commons:math:DuplicateSampleAbscissaException",5,0,0,0,0,0,2,1.0,1.0,1.0,1.0,1.0,1.0
"org:apache:commons:math:FunctionEvaluationException",7,0,0,0,0,1,9,1.0,1.0,1.0,1.0,1.0,1.0
"org:apache:commons:math:MathConfigurationException",6,0,0,0,0,0,4,1.0,1.0,1.0,1.0,1.0,1.0
"org:apache:commons:math:MathException",11,0,50,67,25,2,17,0.9142857142857143,0.8814814814814815,0.625,0.75,0.9166666666666666,0.95
"org:apache:commons:math:MathRuntimeException",32,0,50,67,25,2,29,0.42,0.4930875576036866,0.25,0.5357142857142857,0.625,0.92
"org:apache:commons:math:MaxEvaluationsExceededException",5,0,0,0,0,1,3,0.42857142857142855,0.56,1.0,0.3333333333333333,0.3333333333333333,0.29
"org:apache:commons:math:MaxIterationsExceededException",5,0,0,0,0,1,3,1.0,1.0,1.0,1.0,1.0,1.0
"org:apache:commons:math:MessagesResources_fr",2,0,0,0,0,0,2,1.0,1.0,1.0,1.0,1.0,0.5
"org:apache:commons:math:analysis:BinaryFunction",13,0,0,0,0,0,8,1.0,1.0,1.0,1.0,1.0,1.0
"org:apache:commons:math:analysis:ComposableFunction",43,0,0,0,0,0,40,1.0,1.0,1.0,1.0,1.0,1.0
"org:apache:commons:math:analysis:interpolation:BicubicSplineFunction",3,0,0,0,0,1,4,0.9259259259259259,0.8406374501992032,0.5,0.3333333333333333,1.0,0.8
"org:apache:commons:math:analysis:interpolation:BicubicSplineInterpolatingFunction",6,0,0,0,0,3,22,0.9166666666666666,0.9576427255985267,0.8095238095238095,0.6923076923076923,1.0,0.79
"org:apache:commons:math:analysis:interpolation:DividedDifferenceInterpolator",8,0,0,0,0,0,5,1.0,1.0,1.0,1.0,1.0,0.84
"org:apache:commons:math:analysis:interpolation:LoessInterpolator",10,0,0,0,0,3,36,0.9491525423728814,0.9297994269340975,0.9333333333333333,0.8536585365853658,0.8181818181818182,0.85
"org:apache:commons:math:analysis:interpolation:MicrosphereInterpolatingFunction",16,0,50,50,100,4,21,0.926829268292683,0.9106382978723404,0.7916666666666666,0.6666666666666666,1.0,0.66
"org:apache:commons:math:analysis:interpolation:MicrosphereInterpolator",9,0,50,50,0,2,7,0.875,0.6865671641791045,0.5,0.7142857142857143,1.0,0.68
"org:apache:commons:math:analysis:interpolation:NevilleInterpolator",7,0,0,0,0,0,1,1.0,1.0,1.0,1.0,1.0,0.0
"org:apache:commons:math:analysis:interpolation:SplineInterpolator",6,0,0,0,0,0,9,0.9743589743589743,0.9591836734693877,0.9375,0.9,1.0,0.94
"org:apache:commons:math:analysis:polynomials:PolynomialFunction",10,0,0,0,0,1,42,0.8279569892473119,0.8462998102466793,0.7857142857142857,0.7209302325581395,0.8666666666666667,0.8
"org:apache:commons:math:analysis:polynomials:PolynomialFunctionLagrangeForm",9,0,67,69,130,4,29,0.8953488372093024,0.8631386861313869,0.8,0.7586206896551724,0.7777777777777778,0.82
"org:apache:commons:math:analysis:polynomials:PolynomialFunctionNewtonForm",7,0,67,69,130,4,16,0.8372093023255814,0.85546875,0.8125,0.7058823529411765,0.7777777777777778,0.89
"org:apache:commons:math:analysis:polynomials:PolynomialSplineFunction",8,0,40,50,8,3,17,1.0,1.0,1.0,1.0,1.0,0.94
"org:apache:commons:math:analysis:polynomials:PolynomialsUtils",11,0,0,0,0,0,11,0.9607843137254902,0.972027972027972,1.0,0.9166666666666666,0.875,0.93
"org:apache:commons:math:analysis:solvers:BrentSolver",8,0,0,0,0,0,32,0.9142857142857143,0.9309701492537313,0.9107142857142857,0.7837837837837838,0.6666666666666666,0.98
"org:apache:commons:math:analysis:solvers:LaguerreSolver",12,0,0,0,0,1,35,0.8512396694214877,0.8325434439178515,0.7037037037037037,0.6052631578947368,0.7272727272727273,0.68
"org:apache:commons:math:analysis:solvers:MullerSolver",8,0,0,0,0,0,33,0.819047619047619,0.8303425774877651,0.7096774193548387,0.5897435897435898,0.75,0.77
"org:apache:commons:math:analysis:solvers:NewtonSolver",8,0,0,0,0,0,9,0.8181818181818182,0.7872340425531915,0.75,0.75,0.8333333333333334,0.94
"org:apache:commons:math:analysis:solvers:RiddersSolver",7,0,0,0,0,0,19,0.7377049180327869,0.6793893129770993,0.5,0.42105263157894735,0.6666666666666666,0.76
"org:apache:commons:math:analysis:solvers:SecantSolver",7,0,0,0,0,0,14,0.9183673469387755,0.7945205479452054,0.9,0.75,0.6666666666666666,0.85
"org:apache:commons:math:analysis:solvers:UnivariateRealSolverFactory",3,0,0,0,0,0,2,1.0,1.0,1.0,1.0,1.0,1.0
"org:apache:commons:math:analysis:solvers:UnivariateRealSolverFactoryImpl",6,0,0,0,0,0,6,1.0,1.0,1.0,1.0,1.0,1.0
"org:apache:commons:math:analysis:solvers:UnivariateRealSolverImpl",8,16,89,98,104,6,21,0.8,0.7894736842105263,0.8181818181818182,0.7777777777777778,0.875,1.0
"org:apache:commons:math:analysis:solvers:UnivariateRealSolverUtils",8,0,0,0,0,0,13,0.9032258064516129,0.7393364928909952,0.8181818181818182,0.7222222222222222,0.8571428571428571,0.77
"org:apache:commons:math:complex:ComplexField",5,0,0,0,0,0,5,1.0,1.0,1.0,1.0,1.0,0.0
"org:apache:commons:math:complex:ComplexFormat",16,3,100,100,117,3,36,0.8068181818181818,0.8308605341246291,0.8333333333333334,0.7837837837837838,0.8095238095238095,0.65
"org:apache:commons:math:complex:ComplexUtils",3,0,0,0,0,0,3,0.6,0.896551724137931,1.0,0.6666666666666666,0.5,1.0
"org:apache:commons:math:distribution:BinomialDistributionImpl",7,0,50,86,47,2,19,0.8,0.7152777777777778,0.8333333333333334,0.7142857142857143,0.75,0.9
"org:apache:commons:math:distribution:HypergeometricDistributionImpl",6,0,43,52,70,3,31,0.8153846153846154,0.8087431693989071,0.75,0.6875,0.8,0.9
"org:apache:commons:math:distribution:PascalDistributionImpl",7,0,40,67,25,2,18,0.7647058823529411,0.7006802721088435,0.7857142857142857,0.631578947368421,0.6666666666666666,0.93
"org:apache:commons:math:distribution:PoissonDistributionImpl",9,0,75,74,119,4,19,0.6739130434782609,0.7032967032967034,0.9166666666666666,0.75,0.7142857142857143,0.77
"org:apache:commons:math:distribution:SaddlePointExpansion",3,0,0,0,0,0,12,0.9285714285714286,0.9509043927648578,0.9375,0.8461538461538461,0.8,0.68
"org:apache:commons:math:distribution:ZipfDistributionImpl",7,0,38,60,17,2,18,0.75,0.7322834645669292,0.8571428571428571,0.6842105263157895,0.6666666666666666,0.84
"org:apache:commons:math:estimation:AbstractEstimator",11,1,75,54,657,10,24,1.0,1.0,1.0,1.0,1.0,1.0
"org:apache:commons:math:estimation:EstimatedParameter",6,0,60,72,58,3,8,1.0,1.0,1.0,1.0,1.0,1.0
"org:apache:commons:math:estimation:EstimationException",4,0,0,0,0,0,1,1.0,1.0,1.0,1.0,1.0,0.0
"org:apache:commons:math:estimation:GaussNewtonEstimator",12,0,0,0,0,2,13,0.8222222222222222,0.9297520661157025,0.9444444444444444,0.7142857142857143,0.4,0.79
"org:apache:commons:math:estimation:LevenbergMarquardtEstimator",8,0,65,56,686,12,97,0.9827089337175793,0.9747979077508322,0.9081632653061225,0.8611111111111112,1.0,0.89
"org:apache:commons:math:estimation:SimpleEstimationProblem",8,0,50,83,46,2,8,1.0,1.0,1.0,1.0,1.0,0.82
"org:apache:commons:math:estimation:WeightedMeasurement",6,6,83,100,114,3,7,1.0,1.0,1.0,1.0,1.0,1.0
"org:apache:commons:math:fraction:AbstractFormat",11,1,100,100,100,2,18,0.868421052631579,0.8571428571428571,0.75,0.7368421052631579,0.8461538461538461,1.0
"org:apache:commons:math:fraction:BigFraction",16,0,10,20,2,2,89,0.9326923076923077,0.9130434782608695,0.9047619047619048,0.8762886597938144,0.8909090909090909,0.71
"org:apache:commons:math:fraction:BigFractionField",5,0,0,0,0,0,5,1.0,1.0,1.0,1.0,1.0,0.0
"org:apache:commons:math:fraction:BigFractionFormat",19,0,0,0,0,0,26,0.8688524590163934,0.8724279835390947,0.9047619047619048,0.72,0.6428571428571429,0.58
"org:apache:commons:math:fraction:Fraction",14,0,10,19,1,2,68,0.9761904761904762,0.972972972972973,0.925531914893617,0.9102564102564102,1.0,0.85
"org:apache:commons:math:fraction:FractionConversionException",4,0,0,0,0,0,2,1.0,1.0,1.0,1.0,1.0,0.0
"org:apache:commons:math:fraction:FractionField",5,0,0,0,0,0,5,1.0,1.0,1.0,1.0,1.0,0.0
"org:apache:commons:math:fraction:FractionFormat",17,0,0,0,0,0,23,0.8148148148148148,0.8373205741626795,0.9230769230769231,0.6666666666666666,0.5714285714285714,0.58
"org:apache:commons:math:fraction:ProperBigFractionFormat",12,0,0,0,0,1,21,0.8656716417910447,0.8805309734513275,0.8518518518518519,0.7619047619047619,0.8571428571428571,0.62
"org:apache:commons:math:fraction:ProperFractionFormat",11,0,0,0,0,1,18,0.8571428571428571,0.867579908675799,0.7894736842105263,0.7058823529411765,0.8571428571428571,0.69
"org:apache:commons:math:genetics:ChromosomePair",3,0,50,67,25,2,4,0.8571428571428571,0.5,1.0,0.75,0.75,0.0
"org:apache:commons:math:geometry:CardanEulerSingularityException",3,0,0,0,0,0,2,1.0,1.0,1.0,1.0,1.0,0.0
"org:apache:commons:math:geometry:NotARotationMatrixException",4,0,0,0,0,0,1,1.0,1.0,1.0,1.0,1.0,0.0
"org:apache:commons:math:geometry:Rotation",10,0,19,13,143,4,63,1.0,1.0,0.9508196721311475,0.927710843373494,1.0,0.87
"org:apache:commons:math:geometry:RotationOrder",3,6,100,100,125,4,5,1.0,1.0,1.0,1.0,1.0,1.0
"org:apache:commons:math:geometry:Vector3D",8,0,16,18,54,3,46,0.9304347826086956,0.9276729559748428,0.625,0.7166666666666667,0.8888888888888888,0.73
"org:apache:commons:math:geometry:Vector3DFormat",14,7,81,74,336,7,26,0.7464788732394366,0.7973421926910299,0.6666666666666666,0.5769230769230769,0.6470588235294118,0.71
"org:apache:commons:math:linear:AbstractFieldMatrix",37,0,0,0,0,1,164,0.8743589743589744,0.8522448979591837,0.8378378378378378,0.8313953488372093,0.9344262295081968,1.0
"org:apache:commons:math:linear:AbstractRealMatrix",26,0,0,0,0,1,148,0.8128491620111732,0.7997145575642245,0.7731958762886598,0.7581699346405228,0.8035714285714286,1.0
"org:apache:commons:math:linear:Array2DRowFieldMatrix",19,0,0,0,0,1,87,0.8398058252427184,0.8192090395480226,0.8936170212765957,0.8271604938271605,0.8529411764705882,0.76
"org:apache:commons:math:linear:Array2DRowRealMatrix",16,0,0,0,0,1,87,0.8883495145631068,0.8560606060606061,0.925531914893617,0.9012345679012346,0.9411764705882353,0.76
"org:apache:commons:math:linear:BiDiagonalTransformer",5,0,59,63,173,6,64,0.9806451612903225,0.9868020304568528,0.9363636363636364,0.8461538461538461,0.7,0.93
"org:apache:commons:math:linear:BigMatrixImpl",18,0,80,80,112,6,188,0.8323353293413174,0.8347670250896058,0.8508064516129032,0.8162162162162162,0.8360655737704918,0.63
"org:apache:commons:math:linear:BlockFieldMatrix",26,0,37,52,93,5,193,0.8601398601398601,0.865491858130716,0.8712121212121212,0.8804347826086957,0.9615384615384616,0.95
"org:apache:commons:math:linear:BlockRealMatrix",17,0,38,53,87,5,202,0.9410150891632373,0.9335407868415203,0.9496402877697842,0.9430051813471503,0.9814814814814815,0.94
"org:apache:commons:math:linear:CholeskyDecompositionImpl",10,0,58,66,74,3,44,1.0,1.0,1.0,1.0,1.0,0.85
"org:apache:commons:math:linear:DefaultFieldMatrixChangingVisitor",6,0,0,0,0,1,4,0.8333333333333334,0.8333333333333334,1.0,0.75,0.75,0.0
"org:apache:commons:math:linear:DefaultFieldMatrixPreservingVisitor",6,0,0,0,0,1,4,0.8333333333333334,0.9090909090909091,1.0,0.75,0.75,0.0
"org:apache:commons:math:linear:DefaultRealMatrixChangingVisitor",5,0,0,0,0,0,3,0.75,0.75,1.0,0.75,0.75,0.0
"org:apache:commons:math:linear:DefaultRealMatrixPreservingVisitor",5,0,0,0,0,0,3,0.75,0.8571428571428571,1.0,0.75,0.75,0.0
"org:apache:commons:math:linear:FieldLUDecompositionImpl",12,0,50,56,269,8,64,0.9135802469135802,0.8944099378881988,0.8703703703703703,0.8529411764705882,0.8571428571428571,0.66
"org:apache:commons:math:linear:InvalidMatrixException",5,0,0,0,0,0,2,0.5,0.5555555555555556,1.0,0.5,0.5,0.0
"org:apache:commons:math:linear:LUDecompositionImpl",11,0,55,61,210,7,64,1.0,1.0,1.0,1.0,1.0,0.83
"org:apache:commons:math:linear:MatrixIndexException",4,0,0,0,0,0,1,1.0,1.0,1.0,1.0,1.0,0.0
"org:apache:commons:math:linear:MatrixUtils",58,0,0,0,0,0,88,0.8571428571428571,0.8850574712643678,0.9024390243902439,0.8625,0.8974358974358975,0.9
"org:apache:commons:math:linear:MatrixVisitorException",4,0,0,0,0,0,1,0.0,0.0,1.0,0.0,0.0,0.0
"org:apache:commons:math:linear:NonSquareMatrixException",3,0,0,0,0,0,1,1.0,1.0,1.0,1.0,1.0,0.0
"org:apache:commons:math:linear:NotPositiveDefiniteMatrixException",2,0,0,0,0,0,1,1.0,1.0,1.0,1.0,1.0,0.0
"org:apache:commons:math:linear:NotSymmetricMatrixException",2,0,0,0,0,0,1,1.0,1.0,1.0,1.0,1.0,0.0
"org:apache:commons:math:linear:OpenMapRealMatrix",13,0,60,74,101,3,31,0.7959183673469388,0.8132118451025057,0.8181818181818182,0.8571428571428571,0.8823529411764706,0.9
"org:apache:commons:math:linear:QRDecompositionImpl",7,0,60,62,239,6,57,1.0,1.0,1.0,1.0,1.0,0.95
"org:apache:commons:math:linear:RealMatrixImpl",15,0,0,0,0,1,87,0.8398058252427184,0.8122895622895623,0.8829787234042553,0.8271604938271605,0.8823529411764706,0.34
"org:apache:commons:math:linear:RealVectorFormat",18,7,81,74,336,7,29,0.8333333333333334,0.84,0.9166666666666666,0.7586206896551724,0.6470588235294118,0.78
"org:apache:commons:math:linear:SingularMatrixException",2,0,0,0,0,0,1,1.0,1.0,1.0,1.0,1.0,0.0
"org:apache:commons:math:linear:SparseFieldMatrix",11,0,53,62,100,3,18,0.4528301886792453,0.4453125,0.2,0.5555555555555556,0.6923076923076923,0.42
"org:apache:commons:math:linear:SparseFieldVector",16,0,46,66,26,3,102,0.5130111524163569,0.4934210526315789,0.46,0.4423076923076923,0.5370370370370371,0.26
"org:apache:commons:math:linear:TriDiagonalTransformer",6,0,69,66,239,6,31,0.9883720930232558,0.994661921708185,1.0,0.967741935483871,0.875,0.93
"org:apache:commons:math:ode:ContinuousOutputModel",11,0,56,49,239,5,33,0.9904761904761905,0.9924528301886792,0.9375,0.9142857142857143,1.0,0.43
"org:apache:commons:math:ode:DerivativeException",5,0,0,0,0,0,2,1.0,1.0,1.0,1.0,1.0,0.0
"org:apache:commons:math:ode:FirstOrderConverter",6,0,50,32,209,5,3,1.0,1.0,1.0,1.0,1.0,0.93
"org:apache:commons:math:ode:IntegratorException",5,0,0,0,0,0,2,1.0,1.0,1.0,1.0,1.0,0.5
"org:apache:commons:math:ode:MultistepIntegrator",14,6,77,79,189,8,26,0.7560975609756098,0.7456647398843931,0.5,0.5,0.5833333333333334,1.0
"org:apache:commons:math:ode:events:EventException",5,0,0,0,0,0,2,0.5,0.5555555555555556,1.0,0.5,0.5,0.0
"org:apache:commons:math:ode:jacobians:FirstOrderIntegratorWithJacobians",22,0,73,89,79,4,88,0.7945205479452054,0.782258064516129,0.5,0.5925925925925926,0.75,0.79
"org:apache:commons:math:ode:nonstiff:AdamsIntegrator",10,0,0,0,0,1,5,1.0,1.0,1.0,1.0,1.0,1.0
"org:apache:commons:math:ode:nonstiff:AdamsNordsieckTransformer",14,0,67,72,99,3,16,0.9607843137254902,0.968421052631579,1.0,0.9411764705882353,0.875,0.91
"org:apache:commons:math:ode:nonstiff:AdaptiveStepsizeIntegrator",8,1,77,80,150,7,29,0.961038961038961,0.9598108747044918,0.8478260869565217,0.8181818181818182,1.0,1.0
"org:apache:commons:math:ode:nonstiff:ClassicalRungeKuttaIntegrator",3,0,0,0,0,0,1,1.0,1.0,1.0,1.0,1.0,0.0
"org:apache:commons:math:ode:nonstiff:ClassicalRungeKuttaStepInterpolator",6,0,0,0,0,0,5,1.0,1.0,1.0,1.0,1.0,0.99
"org:apache:commons:math:ode:nonstiff:DormandPrince54Integrator",5,0,0,0,0,0,6,1.0,1.0,1.0,1.0,1.0,0.93
"org:apache:commons:math:ode:nonstiff:DormandPrince54StepInterpolator",8,0,20,8,217,5,11,1.0,1.0,1.0,1.0,1.0,0.98
"org:apache:commons:math:ode:nonstiff:DormandPrince853Integrator",5,0,0,0,0,0,7,1.0,1.0,1.0,1.0,1.0,0.93
"org:apache:commons:math:ode:nonstiff:EulerIntegrator",3,0,0,0,0,0,1,1.0,1.0,1.0,1.0,1.0,0.0
"org:apache:commons:math:ode:nonstiff:EulerStepInterpolator",6,0,0,0,0,0,5,1.0,1.0,1.0,1.0,1.0,0.89
"org:apache:commons:math:ode:nonstiff:GillIntegrator",3,0,0,0,0,0,1,1.0,1.0,1.0,1.0,1.0,0.95
"org:apache:commons:math:ode:nonstiff:GillStepInterpolator",6,0,0,0,0,0,5,1.0,1.0,1.0,1.0,1.0,0.98
"org:apache:commons:math:ode:nonstiff:HighamHall54Integrator",5,0,0,0,0,0,7,1.0,1.0,1.0,1.0,1.0,0.94
"org:apache:commons:math:ode:nonstiff:HighamHall54StepInterpolator",6,0,0,0,0,0,5,1.0,1.0,1.0,1.0,1.0,0.98
"org:apache:commons:math:ode:nonstiff:MidpointIntegrator",3,0,0,0,0,0,1,1.0,1.0,1.0,1.0,1.0,0.0
"org:apache:commons:math:ode:nonstiff:MidpointStepInterpolator",6,0,0,0,0,0,5,1.0,1.0,1.0,1.0,1.0,0.97
"org:apache:commons:math:ode:nonstiff:RungeKuttaStepInterpolator",8,0,17,25,0,2,17,0.975,0.9267015706806283,0.75,0.6470588235294118,1.0,1.0
"org:apache:commons:math:ode:nonstiff:ThreeEighthesIntegrator",3,0,0,0,0,0,1,1.0,1.0,1.0,1.0,1.0,0.0
"org:apache:commons:math:ode:nonstiff:ThreeEighthesStepInterpolator",6,0,0,0,0,0,5,1.0,1.0,1.0,1.0,1.0,0.98
"org:apache:commons:math:ode:sampling:DummyStepHandler",4,0,0,0,0,0,6,0.8571428571428571,0.8181818181818182,1.0,0.8333333333333334,0.8333333333333334,0.0
"org:apache:commons:math:ode:sampling:DummyStepInterpolator",10,0,0,0,0,1,11,0.9615384615384616,0.9629629629629629,0.75,0.8181818181818182,1.0,0.7
"org:apache:commons:math:ode:sampling:NordsieckStepInterpolator",12,0,37,28,260,5,28,0.9195402298850575,0.9344660194174758,0.7105263157894737,0.5862068965517241,0.9,0.89
"org:apache:commons:math:ode:sampling:StepNormalizer",7,0,33,27,100,6,8,0.96875,0.9554140127388535,0.7857142857142857,0.7272727272727273,1.0,0.35
"org:apache:commons:math:optimization:GoalType",2,0,0,0,0,0,0,1.0,0.7631578947368421,1.0,0.5,0.5,0.0
"org:apache:commons:math:optimization:LeastSquaresConverter",8,0,0,0,0,4,13,0.9210526315789473,0.7608695652173914,0.8333333333333334,0.7692307692307693,1.0,0.85
"org:apache:commons:math:optimization:OptimizationException",5,0,0,0,0,0,2,1.0,1.0,1.0,1.0,1.0,0.5
"org:apache:commons:math:optimization:RealPointValuePair",5,1,75,100,92,2,6,1.0,0.8918918918918919,0.5,0.8333333333333334,1.0,0.59
"org:apache:commons:math:optimization:VectorialPointValuePair",5,2,67,100,100,2,8,0.6666666666666666,0.58,0.0,0.625,0.8333333333333334,0.35
"org:apache:commons:math:optimization:fitting:HarmonicCoefficientsGuesser",5,0,67,76,101,4,15,0.9873417721518988,0.9815789473684211,0.8888888888888888,0.8823529411764706,1.0,0.69
"org:apache:commons:math:optimization:fitting:HarmonicFitter",10,0,50,67,25,2,9,0.8571428571428571,0.808695652173913,0.75,0.8333333333333334,1.0,0.74
"org:apache:commons:math:optimization:fitting:HarmonicFunction",3,0,50,50,99,3,6,0.9,0.6875,1.0,0.8333333333333334,0.8333333333333334,0.61
"org:apache:commons:math:optimization:fitting:WeightedObservedPoint",4,3,100,100,117,3,4,1.0,1.0,1.0,1.0,1.0,1.0
"org:apache:commons:math:optimization:general:ConjugateGradientFormula",1,0,0,0,0,0,0,1.0,0.7631578947368421,1.0,0.5,0.5,0.0
"org:apache:commons:math:optimization:linear:AbstractLinearOptimizer",11,0,50,75,31,6,7,0.8125,0.7222222222222222,0.5,0.5714285714285714,0.6666666666666666,1.0
"org:apache:commons:math:optimization:linear:LinearConstraint",13,0,53,57,100,3,14,0.5555555555555556,0.4965986394557823,0.4166666666666667,0.47058823529411764,0.7272727272727273,0.33
"org:apache:commons:math:optimization:linear:LinearObjectiveFunction",12,0,25,43,8,2,12,0.8260869565217391,0.7582417582417582,0.5,0.5714285714285714,0.8,0.59
"org:apache:commons:math:optimization:linear:NoFeasibleSolutionException",2,0,0,0,0,0,1,1.0,1.0,1.0,1.0,1.0,0.0
"org:apache:commons:math:optimization:linear:Relationship",2,0,0,0,0,1,6,0.8333333333333334,0.8529411764705882,0.6666666666666666,0.625,0.6666666666666666,0.0
"org:apache:commons:math:optimization:linear:UnboundedSolutionException",2,0,0,0,0,0,1,1.0,1.0,1.0,1.0,1.0,0.0
"org:apache:commons:math:random:CorrelatedRandomVectorGenerator",9,0,67,66,175,5,25,0.8311688311688312,0.8834080717488789,0.868421052631579,0.7692307692307693,0.7142857142857143,0.66
"org:apache:commons:math:random:GaussianRandomGenerator",4,0,0,0,0,1,2,1.0,1.0,1.0,1.0,1.0,1.0
"org:apache:commons:math:random:JDKRandomGenerator",4,0,0,0,0,0,3,0.3333333333333333,0.20512820512820512,0.0,0.5,0.6666666666666666,0.16
"org:apache:commons:math:random:RandomAdaptor",8,0,0,0,0,1,17,0.7083333333333334,0.717948717948718,0.3333333333333333,0.7058823529411765,0.7857142857142857,0.27
"org:apache:commons:math:random:UncorrelatedRandomVectorGenerator",5,0,33,33,0,3,5,0.9411764705882353,0.8045977011494253,0.75,0.8,1.0,0.83
"org:apache:commons:math:random:UniformRandomGenerator",5,0,0,0,0,1,2,1.0,1.0,1.0,1.0,1.0,1.0
"org:apache:commons:math:random:UnitSphereRandomVectorGenerator",6,0,0,0,0,2,6,1.0,1.0,1.0,1.0,1.0,0.46
"org:apache:commons:math:special:Beta",6,0,0,0,0,0,10,0.7647058823529411,0.8866666666666667,0.9583333333333334,0.7894736842105263,0.5714285714285714,0.89
"org:apache:commons:math:special:Gamma",7,0,0,0,0,0,23,0.9122807017543859,0.9610983981693364,0.8846153846153846,0.8,0.8888888888888888,0.87
"org:apache:commons:math:stat:StatUtils",15,0,0,0,0,0,30,0.9622641509433962,0.9896551724137931,0.9166666666666666,0.9393939393939394,0.9629629629629629,0.82
"org:apache:commons:math:stat:clustering:Cluster",7,0,67,100,81,2,4,1.0,1.0,1.0,1.0,1.0,1.0
"org:apache:commons:math:stat:clustering:EuclideanIntegerPoint",11,0,0,0,0,1,17,0.5757575757575758,0.5842696629213483,0.6,0.5882352941176471,0.7142857142857143,0.44
"org:apache:commons:math:stat:correlation:Covariance",9,0,33,50,12,2,20,0.8979591836734694,0.9230769230769231,0.8125,0.7272727272727273,0.7857142857142857,0.81
"org:apache:commons:math:stat:correlation:PearsonsCorrelation",11,0,8,14,0,2,26,0.9583333333333334,0.9691516709511568,0.9,0.8571428571428571,0.9230769230769231,0.85
"org:apache:commons:math:stat:correlation:SpearmansCorrelation",9,1,67,83,117,3,11,0.96,0.976,0.8333333333333334,0.8333333333333334,0.8888888888888888,0.71
"org:apache:commons:math:stat:descriptive:AbstractStorelessUnivariateStatistic",6,0,0,0,0,0,13,0.9583333333333334,0.956140350877193,0.8888888888888888,0.875,1.0,1.0
"org:apache:commons:math:stat:descriptive:AggregateSummaryStatistics",10,0,50,92,0,2,33,0.6582278481012658,0.649746192893401,0.5833333333333334,0.4827586206896552,0.7058823529411765,0.81
"org:apache:commons:math:stat:descriptive:DescriptiveStatistics",25,341,95,100,133,12,63,0.920863309352518,0.9136986301369863,0.95,0.9655172413793104,0.9791666666666666,0.76
"org:apache:commons:math:stat:descriptive:MultivariateSummaryStatistics",21,115,83,66,362,10,49,1.0,1.0,0.8181818181818182,0.8620689655172413,1.0,0.58
"org:apache:commons:math:stat:descriptive:StatisticalSummaryValues",7,19,97,100,130,6,12,1.0,1.0,0.6875,0.7222222222222222,1.0,0.46
"org:apache:commons:math:stat:descriptive:SummaryStatistics",20,133,88,76,414,18,59,0.7556818181818182,0.7884187082405345,0.6724137931034483,0.6119402985074627,0.8157894736842105,0.66
"org:apache:commons:math:stat:descriptive:SynchronizedDescriptiveStatistics",6,0,0,0,0,0,15,0.896551724137931,0.8117647058823529,1.0,0.9333333333333333,0.9333333333333333,0.53
"org:apache:commons:math:stat:descriptive:SynchronizedMultivariateSummaryStatistics",10,0,0,0,0,0,31,1.0,1.0,1.0,1.0,1.0,0.8
"org:apache:commons:math:stat:descriptive:SynchronizedSummaryStatistics",9,0,0,0,0,0,35,0.4727272727272727,0.436241610738255,1.0,0.5714285714285714,0.5714285714285714,0.45
"org:apache:commons:math:stat:descriptive:moment:FirstMoment",4,0,38,23,201,4,9,0.90625,0.9423076923076923,1.0,0.8888888888888888,0.875,0.94
"org:apache:commons:math:stat:descriptive:moment:FourthMoment",4,0,0,0,0,1,8,0.8888888888888888,0.944954128440367,1.0,0.875,0.8571428571428571,0.97
"org:apache:commons:math:stat:descriptive:moment:GeometricMean",7,0,0,0,0,1,15,0.8333333333333334,0.8058252427184466,0.75,0.8,0.8461538461538461,0.87
"org:apache:commons:math:stat:descriptive:moment:Kurtosis",8,0,30,50,11,2,16,0.8979591836734694,0.9372549019607843,0.8125,0.7777777777777778,0.9,0.94
"org:apache:commons:math:stat:descriptive:moment:Mean",9,0,30,50,11,2,18,0.9090909090909091,0.9558011049723757,0.75,0.7777777777777778,0.9166666666666666,0.82
"org:apache:commons:math:stat:descriptive:moment:SecondMoment",4,0,0,0,0,1,8,0.8571428571428571,0.8873239436619719,1.0,0.875,0.8571428571428571,0.93
"org:apache:commons:math:stat:descriptive:moment:SemiVariance",8,0,40,67,19,2,25,0.6363636363636364,0.6527196652719666,1.0,0.64,0.5,0.76
"org:apache:commons:math:stat:descriptive:moment:Skewness",8,0,30,50,11,2,17,0.9411764705882353,0.9621848739495799,0.875,0.8333333333333334,0.9,0.86
"org:apache:commons:math:stat:descriptive:moment:StandardDeviation",8,0,0,0,0,1,17,0.7058823529411765,0.6201550387596899,1.0,0.6470588235294118,0.6470588235294118,0.34
"org:apache:commons:math:stat:descriptive:moment:ThirdMoment",4,0,17,25,0,2,8,1.0,1.0,1.0,1.0,1.0,0.96
"org:apache:commons:math:stat:descriptive:moment:Variance",9,3,63,88,65,3,44,0.9074074074074074,0.8930817610062893,0.6956521739130435,0.6136363636363636,0.8571428571428571,0.8
"org:apache:commons:math:stat:descriptive:moment:VectorialCovariance",8,0,25,31,72,4,21,0.75,0.781021897810219,0.6785714285714286,0.5714285714285714,0.8571428571428571,0.62
"org:apache:commons:math:stat:descriptive:moment:VectorialMean",8,0,0,0,0,1,14,0.7407407407407407,0.824,0.75,0.6428571428571429,0.8333333333333334,0.53
"org:apache:commons:math:stat:descriptive:rank:Max",5,0,25,40,7,2,14,0.896551724137931,0.9428571428571428,1.0,0.9333333333333333,0.8888888888888888,0.84
"org:apache:commons:math:stat:descriptive:rank:Median",3,0,0,0,0,0,2,0.5,0.5,1.0,0.5,0.5,0.0
"org:apache:commons:math:stat:descriptive:rank:Min",5,0,25,40,7,2,14,0.896551724137931,0.9428571428571428,1.0,0.9333333333333333,0.8888888888888888,0.84
"org:apache:commons:math:stat:descriptive:rank:Percentile",5,0,0,0,0,1,16,0.9090909090909091,0.9301075268817204,0.875,0.8333333333333334,0.9,0.91
"org:apache:commons:math:stat:inference:OneWayAnovaImpl",13,0,0,0,0,0,12,0.9767441860465116,0.9152542372881356,0.875,0.8461538461538461,1.0,0.9
"org:apache:commons:math:stat:inference:TTestImpl",10,0,0,0,0,1,38,0.963855421686747,0.9634340222575517,0.9642857142857143,0.9574468085106383,0.9696969696969697,0.99
"org:apache:commons:math:stat:ranking:NaNStrategy",1,0,0,0,0,0,0,1.0,0.9137931034482759,1.0,0.75,0.75,0.0
"org:apache:commons:math:stat:ranking:NaturalRanking",16,0,52,72,33,3,52,0.9274193548387096,0.9499072356215214,0.9622641509433962,0.8936170212765957,0.8235294117647058,0.8
"org:apache:commons:math:stat:ranking:TiesStrategy",1,0,0,0,0,0,0,1.0,0.9264705882352942,1.0,0.75,0.75,0.0
"org:apache:commons:math:stat:regression:SimpleRegression",8,0,73,62,365,9,41,0.9484536082474226,0.9652317880794702,0.875,0.8837209302325582,0.9259259259259259,0.94
"org:apache:commons:math:transform:FastCosineTransformer",9,0,0,0,0,0,14,0.7777777777777778,0.7804878048780488,0.875,0.7142857142857143,0.7,0.79
"org:apache:commons:math:transform:FastFourierTransformer",13,0,0,0,0,1,89,0.8819444444444444,0.8917525773195877,0.953125,0.8571428571428571,0.7916666666666666,0.87
"org:apache:commons:math:transform:FastHadamardTransformer",7,0,0,0,0,0,15,0.9024390243902439,0.8601694915254238,0.9375,0.8125,0.75,0.83
"org:apache:commons:math:transform:FastSineTransformer",9,0,0,0,0,0,14,0.7272727272727273,0.7481481481481481,0.75,0.6428571428571429,0.7,0.85
"org:apache:commons:math:util:BigReal",16,0,67,86,45,3,33,0.8533333333333334,0.8474114441416893,1.0,0.7352941176470589,0.71875,0.71
"org:apache:commons:math:util:BigRealField",5,0,0,0,0,0,5,1.0,1.0,1.0,1.0,1.0,0.0
"org:apache:commons:math:util:CompositeFormat",13,0,0,0,0,0,18,1.0,1.0,0.9642857142857143,0.9565217391304348,1.0,1.0
"org:apache:commons:math:util:ContinuedFraction",7,0,0,0,0,0,15,0.8518518518518519,0.6846153846153846,0.6333333333333333,0.35,0.6,1.0
"org:apache:commons:math:util:DefaultTransformer",10,0,0,0,0,0,8,0.8571428571428571,0.9230769230769231,0.875,0.75,0.75,0.58
"org:apache:commons:math:util:OpenIntToDoubleHashMap",13,0,55,58,315,7,67,1.0,1.0,1.0,1.0,1.0,0.58
"org:apache:commons:math:util:OpenIntToFieldHashMap",16,0,63,65,365,8,68,0.96875,0.9830747531734838,1.0,0.9661016949152542,0.92,0.6
"org:apache:commons:math:util:ResizableDoubleArray",9,0,69,72,218,7,64,0.9743589743589743,0.9450757575757576,0.9024390243902439,0.8860759493670886,0.9736842105263158,0.79
"org:apache:commons:math:util:TransformerMap",17,0,41,75,14,2,21,0.7948717948717948,0.788235294117647,0.6,0.6363636363636364,0.9166666666666666,0.47
